[{
  "model": "company.enterprise",
  "pk": 1,
  "fields": {
    "enterprise_user": null,
    "name": "main company",
    "reg_tax_num": "123123",
    "commercail_record": "234234",
    "address1": "456456",
    "phone": "1",
    "mobile": "1",
    "fax": "1",
    "email": "main@mashreq.com",
    "country": null,
    "slug": "mastercompany",
    "start_date": "2000-01-01",
    "end_date": null,
    "created_by": 1,
    "creation_date": "2021-04-15",
    "last_update_by": 1,
    "last_update_date": "2021-04-15"
  }
}, {
  "model": "company.enterprise",
  "pk": 2,
  "fields": {
    "enterprise_user": null,
    "name": "Ark Leap",
    "reg_tax_num": "25566336",
    "commercail_record": "1001000",
    "address1": "Alexandria",
    "phone": "1004642230",
    "mobile": "",
    "fax": "",
    "email": "mohamed.mahran@arkleap.com",
    "country": null,
    "slug": "",
    "start_date": "2008-10-26",
    "end_date": null,
    "created_by": 1,
    "creation_date": "2021-04-15",
    "last_update_by": null,
    "last_update_date": "2021-04-15"
  }
}, {
  "model": "company.enterprise",
  "pk": 5,
  "fields": {
    "enterprise_user": null,
    "name": "Arete Consulting",
    "reg_tax_num": "1111111",
    "commercail_record": "14908",
    "address1": "Maadi",
    "phone": "",
    "mobile": "",
    "fax": "",
    "email": "",
    "country": null,
    "slug": "",
    "start_date": "2020-01-01",
    "end_date": null,
    "created_by": 1,
    "creation_date": "2021-04-15",
    "last_update_by": null,
    "last_update_date": "2021-04-15"
  }
}, {
  "model": "company.enterprise",
  "pk": 6,
  "fields": {
    "enterprise_user": null,
    "name": "Capital Gate Schools",
    "reg_tax_num": "123456",
    "commercail_record": "123654",
    "address1": "Cairo",
    "phone": "34241789",
    "mobile": "1158864446",
    "fax": "",
    "email": "ahdhozayen@gmail.com",
    "country": null,
    "slug": "",
    "start_date": "2021-02-10",
    "end_date": null,
    "created_by": 1,
    "creation_date": "2021-04-15",
    "last_update_by": null,
    "last_update_date": "2021-04-15"
  }
}, {
  "model": "company.department",
  "pk": 1,
  "fields": {
    "enterprise": 2,
    "department_user": 2,
    "dept_name": "Services",
    "parent": 5,
    "start_date": "2008-10-26",
    "end_date": null,
    "created_by": 2,
    "creation_date": "2020-10-26",
    "last_update_by": 2,
    "last_update_date": "2020-10-26",
    "lft": 10,
    "rght": 15,
    "tree_id": 2,
    "level": 1
  }
}, {
  "model": "company.department",
  "pk": 2,
  "fields": {
    "enterprise": 2,
    "department_user": 2,
    "dept_name": "Oracle Functional Department",
    "parent": 4,
    "start_date": "2008-10-26",
    "end_date": null,
    "created_by": 2,
    "creation_date": "2020-10-26",
    "last_update_by": 2,
    "last_update_date": "2020-10-26",
    "lft": 7,
    "rght": 8,
    "tree_id": 2,
    "level": 2
  }
}, {
  "model": "company.department",
  "pk": 3,
  "fields": {
    "enterprise": 2,
    "department_user": 2,
    "dept_name": "Oracle Development Department",
    "parent": 11,
    "start_date": "2008-10-26",
    "end_date": null,
    "created_by": 2,
    "creation_date": "2020-10-26",
    "last_update_by": 2,
    "last_update_date": "2020-10-26",
    "lft": 2,
    "rght": 3,
    "tree_id": 8,
    "level": 1
  }
}, {
  "model": "company.department",
  "pk": 4,
  "fields": {
    "enterprise": 2,
    "department_user": 2,
    "dept_name": "Operations",
    "parent": 5,
    "start_date": "2008-10-26",
    "end_date": null,
    "created_by": 2,
    "creation_date": "2020-10-26",
    "last_update_by": 2,
    "last_update_date": "2020-10-26",
    "lft": 6,
    "rght": 9,
    "tree_id": 2,
    "level": 1
  }
}, {
  "model": "company.department",
  "pk": 5,
  "fields": {
    "enterprise": 2,
    "department_user": 2,
    "dept_name": "CEO Office",
    "parent": null,
    "start_date": "2008-10-26",
    "end_date": null,
    "created_by": 2,
    "creation_date": "2020-10-26",
    "last_update_by": 2,
    "last_update_date": "2020-10-26",
    "lft": 1,
    "rght": 16,
    "tree_id": 2,
    "level": 0
  }
}, {
  "model": "company.department",
  "pk": 6,
  "fields": {
    "enterprise": 2,
    "department_user": 2,
    "dept_name": "HR Department",
    "parent": 1,
    "start_date": "2008-10-26",
    "end_date": null,
    "created_by": 2,
    "creation_date": "2020-10-26",
    "last_update_by": 2,
    "last_update_date": "2020-10-26",
    "lft": 13,
    "rght": 14,
    "tree_id": 2,
    "level": 2
  }
}, {
  "model": "company.department",
  "pk": 7,
  "fields": {
    "enterprise": 2,
    "department_user": 2,
    "dept_name": "Financial Department",
    "parent": 1,
    "start_date": "2008-10-26",
    "end_date": null,
    "created_by": 2,
    "creation_date": "2020-10-26",
    "last_update_by": 2,
    "last_update_date": "2020-10-26",
    "lft": 11,
    "rght": 12,
    "tree_id": 2,
    "level": 2
  }
}, {
  "model": "company.department",
  "pk": 8,
  "fields": {
    "enterprise": 2,
    "department_user": 2,
    "dept_name": "Marketing",
    "parent": 1,
    "start_date": "2008-10-26",
    "end_date": null,
    "created_by": 2,
    "creation_date": "2020-10-26",
    "last_update_by": 2,
    "last_update_date": "2020-10-26",
    "lft": 2,
    "rght": 3,
    "tree_id": 17,
    "level": 1
  }
}, {
  "model": "company.department",
  "pk": 9,
  "fields": {
    "enterprise": 2,
    "department_user": 2,
    "dept_name": "Sales",
    "parent": 4,
    "start_date": "2008-10-26",
    "end_date": null,
    "created_by": 2,
    "creation_date": "2020-10-26",
    "last_update_by": 2,
    "last_update_date": "2020-10-26",
    "lft": 2,
    "rght": 3,
    "tree_id": 12,
    "level": 1
  }
}, {
  "model": "company.department",
  "pk": 10,
  "fields": {
    "enterprise": 2,
    "department_user": 2,
    "dept_name": "Web Development Department",
    "parent": 11,
    "start_date": "2008-10-26",
    "end_date": null,
    "created_by": 2,
    "creation_date": "2020-10-26",
    "last_update_by": 2,
    "last_update_date": "2020-10-26",
    "lft": 3,
    "rght": 4,
    "tree_id": 2,
    "level": 2
  }
}, {
  "model": "company.department",
  "pk": 11,
  "fields": {
    "enterprise": 2,
    "department_user": 2,
    "dept_name": "Innovation & Support Department",
    "parent": 5,
    "start_date": "2008-10-26",
    "end_date": null,
    "created_by": 2,
    "creation_date": "2020-10-26",
    "last_update_by": 2,
    "last_update_date": "2020-10-26",
    "lft": 2,
    "rght": 5,
    "tree_id": 2,
    "level": 1
  }
}, {
  "model": "company.department",
  "pk": 12,
  "fields": {
    "enterprise": 5,
    "department_user": 37,
    "dept_name": "Management",
    "parent": null,
    "start_date": "2020-01-01",
    "end_date": null,
    "created_by": 37,
    "creation_date": "2020-12-07",
    "last_update_by": 37,
    "last_update_date": "2020-12-07",
    "lft": 1,
    "rght": 34,
    "tree_id": 25,
    "level": 0
  }
}, {
  "model": "company.department",
  "pk": 13,
  "fields": {
    "enterprise": 5,
    "department_user": 37,
    "dept_name": "HR",
    "parent": null,
    "start_date": "2020-01-01",
    "end_date": null,
    "created_by": 37,
    "creation_date": "2020-12-07",
    "last_update_by": 37,
    "last_update_date": "2020-12-07",
    "lft": 1,
    "rght": 4,
    "tree_id": 24,
    "level": 0
  }
}, {
  "model": "company.department",
  "pk": 14,
  "fields": {
    "enterprise": 5,
    "department_user": 37,
    "dept_name": "Finance & Accounting",
    "parent": 12,
    "start_date": "2020-01-01",
    "end_date": null,
    "created_by": 37,
    "creation_date": "2020-12-07",
    "last_update_by": 37,
    "last_update_date": "2020-12-07",
    "lft": 2,
    "rght": 3,
    "tree_id": 25,
    "level": 1
  }
}, {
  "model": "company.department",
  "pk": 15,
  "fields": {
    "enterprise": 5,
    "department_user": 37,
    "dept_name": "Technical",
    "parent": 12,
    "start_date": "2020-01-01",
    "end_date": null,
    "created_by": 37,
    "creation_date": "2020-12-07",
    "last_update_by": 37,
    "last_update_date": "2020-12-07",
    "lft": 28,
    "rght": 31,
    "tree_id": 25,
    "level": 1
  }
}, {
  "model": "company.department",
  "pk": 16,
  "fields": {
    "enterprise": 5,
    "department_user": 37,
    "dept_name": "Project Management",
    "parent": 12,
    "start_date": "2020-01-01",
    "end_date": null,
    "created_by": 37,
    "creation_date": "2020-12-15",
    "last_update_by": 37,
    "last_update_date": "2020-12-07",
    "lft": 26,
    "rght": 27,
    "tree_id": 25,
    "level": 1
  }
}, {
  "model": "company.department",
  "pk": 17,
  "fields": {
    "enterprise": 5,
    "department_user": 37,
    "dept_name": "Functional \"Delivery Management\"",
    "parent": 12,
    "start_date": "2020-01-01",
    "end_date": null,
    "created_by": 37,
    "creation_date": "2020-12-15",
    "last_update_by": 37,
    "last_update_date": "2020-12-07",
    "lft": 6,
    "rght": 25,
    "tree_id": 25,
    "level": 1
  }
}, {
  "model": "company.department",
  "pk": 18,
  "fields": {
    "enterprise": 5,
    "department_user": 37,
    "dept_name": "Development",
    "parent": 15,
    "start_date": "2020-01-01",
    "end_date": null,
    "created_by": 37,
    "creation_date": "2020-12-07",
    "last_update_by": 37,
    "last_update_date": "2020-12-07",
    "lft": 29,
    "rght": 30,
    "tree_id": 25,
    "level": 2
  }
}, {
  "model": "company.department",
  "pk": 19,
  "fields": {
    "enterprise": 5,
    "department_user": 37,
    "dept_name": "Material Management (MM)",
    "parent": 17,
    "start_date": "2020-01-01",
    "end_date": null,
    "created_by": 37,
    "creation_date": "2020-12-07",
    "last_update_by": 37,
    "last_update_date": "2020-12-07",
    "lft": 7,
    "rght": 8,
    "tree_id": 25,
    "level": 2
  }
}, {
  "model": "company.department",
  "pk": 20,
  "fields": {
    "enterprise": 5,
    "department_user": 37,
    "dept_name": "Financial Controlling (FICO)",
    "parent": 17,
    "start_date": "2020-01-01",
    "end_date": null,
    "created_by": 37,
    "creation_date": "2020-12-07",
    "last_update_by": 37,
    "last_update_date": "2020-12-07",
    "lft": 13,
    "rght": 14,
    "tree_id": 25,
    "level": 2
  }
}, {
  "model": "company.department",
  "pk": 21,
  "fields": {
    "enterprise": 5,
    "department_user": 37,
    "dept_name": "Sales Distribution (SD)",
    "parent": 17,
    "start_date": "2020-01-01",
    "end_date": null,
    "created_by": 37,
    "creation_date": "2020-12-07",
    "last_update_by": 37,
    "last_update_date": "2020-12-07",
    "lft": 15,
    "rght": 16,
    "tree_id": 25,
    "level": 2
  }
}, {
  "model": "company.department",
  "pk": 22,
  "fields": {
    "enterprise": 5,
    "department_user": 37,
    "dept_name": "Human Capital Management (HCM)",
    "parent": 17,
    "start_date": "2020-01-01",
    "end_date": null,
    "created_by": 37,
    "creation_date": "2020-12-07",
    "last_update_by": 37,
    "last_update_date": "2020-12-07",
    "lft": 17,
    "rght": 18,
    "tree_id": 25,
    "level": 2
  }
}, {
  "model": "company.department",
  "pk": 23,
  "fields": {
    "enterprise": 5,
    "department_user": 37,
    "dept_name": "Production Planning & Quality Mgt (PPQM)",
    "parent": 17,
    "start_date": "2020-01-01",
    "end_date": null,
    "created_by": 37,
    "creation_date": "2020-12-07",
    "last_update_by": 37,
    "last_update_date": "2020-12-07",
    "lft": 21,
    "rght": 22,
    "tree_id": 25,
    "level": 2
  }
}, {
  "model": "company.department",
  "pk": 24,
  "fields": {
    "enterprise": 5,
    "department_user": 37,
    "dept_name": "Plant Maintenance (PM)",
    "parent": 17,
    "start_date": "2020-12-07",
    "end_date": null,
    "created_by": 37,
    "creation_date": "2020-12-07",
    "last_update_by": 37,
    "last_update_date": "2020-12-07",
    "lft": 23,
    "rght": 24,
    "tree_id": 25,
    "level": 2
  }
}, {
  "model": "company.department",
  "pk": 25,
  "fields": {
    "enterprise": 5,
    "department_user": 37,
    "dept_name": "Technical Development",
    "parent": null,
    "start_date": "2020-01-01",
    "end_date": "2020-12-07",
    "created_by": 37,
    "creation_date": "2020-12-07",
    "last_update_by": 37,
    "last_update_date": "2020-12-07",
    "lft": 1,
    "rght": 2,
    "tree_id": 32,
    "level": 0
  }
}, {
  "model": "company.department",
  "pk": 26,
  "fields": {
    "enterprise": 5,
    "department_user": 37,
    "dept_name": "Finance & Accounting",
    "parent": null,
    "start_date": "2020-01-01",
    "end_date": "2020-12-07",
    "created_by": 37,
    "creation_date": "2020-12-07",
    "last_update_by": 37,
    "last_update_date": "2020-12-07",
    "lft": 1,
    "rght": 2,
    "tree_id": 21,
    "level": 0
  }
}, {
  "model": "company.department",
  "pk": 27,
  "fields": {
    "enterprise": 5,
    "department_user": 37,
    "dept_name": "Plant Maintenance (PM)",
    "parent": 17,
    "start_date": "2020-12-07",
    "end_date": "2020-12-07",
    "created_by": 37,
    "creation_date": "2020-12-07",
    "last_update_by": 37,
    "last_update_date": "2020-12-07",
    "lft": 19,
    "rght": 20,
    "tree_id": 25,
    "level": 2
  }
}, {
  "model": "company.department",
  "pk": 28,
  "fields": {
    "enterprise": 5,
    "department_user": 37,
    "dept_name": "Functional",
    "parent": null,
    "start_date": "2020-01-01",
    "end_date": "2020-12-07",
    "created_by": 37,
    "creation_date": "2020-12-07",
    "last_update_by": 37,
    "last_update_date": "2020-12-07",
    "lft": 1,
    "rght": 2,
    "tree_id": 23,
    "level": 0
  }
}, {
  "model": "company.department",
  "pk": 29,
  "fields": {
    "enterprise": 5,
    "department_user": 37,
    "dept_name": "Technical",
    "parent": 12,
    "start_date": "2020-01-01",
    "end_date": "2020-12-07",
    "created_by": 37,
    "creation_date": "2020-12-07",
    "last_update_by": 37,
    "last_update_date": "2020-12-07",
    "lft": 32,
    "rght": 33,
    "tree_id": 25,
    "level": 1
  }
}, {
  "model": "company.department",
  "pk": 30,
  "fields": {
    "enterprise": 5,
    "department_user": 37,
    "dept_name": "Functional",
    "parent": 12,
    "start_date": "2020-01-01",
    "end_date": "2020-12-15",
    "created_by": 37,
    "creation_date": "2020-12-15",
    "last_update_by": 37,
    "last_update_date": "2020-12-15",
    "lft": 4,
    "rght": 5,
    "tree_id": 25,
    "level": 1
  }
}, {
  "model": "company.department",
  "pk": 31,
  "fields": {
    "enterprise": 5,
    "department_user": 37,
    "dept_name": "Project Management",
    "parent": null,
    "start_date": "2020-01-01",
    "end_date": "2020-12-15",
    "created_by": 37,
    "creation_date": "2020-12-15",
    "last_update_by": 37,
    "last_update_date": "2020-12-15",
    "lft": 1,
    "rght": 2,
    "tree_id": 29,
    "level": 0
  }
}, {
  "model": "company.department",
  "pk": 32,
  "fields": {
    "enterprise": 5,
    "department_user": 37,
    "dept_name": "Facility",
    "parent": 13,
    "start_date": "2020-01-01",
    "end_date": null,
    "created_by": 37,
    "creation_date": "2020-12-15",
    "last_update_by": 37,
    "last_update_date": "2020-12-15",
    "lft": 2,
    "rght": 3,
    "tree_id": 24,
    "level": 1
  }
}, {
  "model": "company.department",
  "pk": 33,
  "fields": {
    "enterprise": 5,
    "department_user": 37,
    "dept_name": "Basis",
    "parent": 17,
    "start_date": "2020-01-01",
    "end_date": null,
    "created_by": 37,
    "creation_date": "2020-12-15",
    "last_update_by": 37,
    "last_update_date": "2020-12-15",
    "lft": 9,
    "rght": 10,
    "tree_id": 25,
    "level": 2
  }
}, {
  "model": "company.department",
  "pk": 34,
  "fields": {
    "enterprise": 5,
    "department_user": 37,
    "dept_name": "Business By Design (BYD)",
    "parent": 17,
    "start_date": "2020-01-01",
    "end_date": null,
    "created_by": 37,
    "creation_date": "2020-12-15",
    "last_update_by": 37,
    "last_update_date": "2020-12-15",
    "lft": 11,
    "rght": 12,
    "tree_id": 25,
    "level": 2
  }
}, {
  "model": "company.department",
  "pk": 35,
  "fields": {
    "enterprise": 2,
    "department_user": 2,
    "dept_name": "Outsourcing Team",
    "parent": null,
    "start_date": "2021-02-08",
    "end_date": null,
    "created_by": 2,
    "creation_date": "2021-02-08",
    "last_update_by": 2,
    "last_update_date": "2021-02-08",
    "lft": 1,
    "rght": 2,
    "tree_id": 28,
    "level": 0
  }
}, {
  "model": "company.department",
  "pk": 36,
  "fields": {
    "enterprise": 2,
    "department_user": 2,
    "dept_name": "Buffet",
    "parent": null,
    "start_date": "2021-02-08",
    "end_date": null,
    "created_by": 2,
    "creation_date": "2021-02-08",
    "last_update_by": 2,
    "last_update_date": "2021-02-08",
    "lft": 1,
    "rght": 2,
    "tree_id": 1,
    "level": 0
  }
}, {
  "model": "company.department",
  "pk": 37,
  "fields": {
    "enterprise": 2,
    "department_user": 2,
    "dept_name": "Research & Development",
    "parent": null,
    "start_date": "2021-02-08",
    "end_date": null,
    "created_by": 2,
    "creation_date": "2021-02-08",
    "last_update_by": 2,
    "last_update_date": "2021-02-08",
    "lft": 1,
    "rght": 2,
    "tree_id": 31,
    "level": 0
  }
}, {
  "model": "company.department",
  "pk": 38,
  "fields": {
    "enterprise": 2,
    "department_user": 2,
    "dept_name": "Delivery Department",
    "parent": null,
    "start_date": "2021-02-08",
    "end_date": null,
    "created_by": 2,
    "creation_date": "2021-02-08",
    "last_update_by": 2,
    "last_update_date": "2021-02-08",
    "lft": 1,
    "rght": 2,
    "tree_id": 19,
    "level": 0
  }
}, {
  "model": "company.department",
  "pk": 39,
  "fields": {
    "enterprise": 2,
    "department_user": 2,
    "dept_name": "\u0625\u062f\u0627\u0631\u0629 \u0627\u0644\u0628\u064a\u0639",
    "parent": null,
    "start_date": "2021-03-15",
    "end_date": null,
    "created_by": 2,
    "creation_date": "2021-03-15",
    "last_update_by": 2,
    "last_update_date": "2021-03-15",
    "lft": 1,
    "rght": 2,
    "tree_id": 33,
    "level": 0
  }
}, {
  "model": "company.department",
  "pk": 40,
  "fields": {
    "enterprise": 2,
    "department_user": 2,
    "dept_name": "Purchase",
    "parent": null,
    "start_date": "2021-04-08",
    "end_date": null,
    "created_by": 2,
    "creation_date": "2021-04-08",
    "last_update_by": 2,
    "last_update_date": "2021-04-08",
    "lft": 1,
    "rght": 2,
    "tree_id": 30,
    "level": 0
  }
}, {
  "model": "company.department",
  "pk": 41,
  "fields": {
    "enterprise": 2,
    "department_user": 2,
    "dept_name": "Department Of Legal Affairs",
    "parent": null,
    "start_date": "2021-04-08",
    "end_date": null,
    "created_by": 2,
    "creation_date": "2021-04-08",
    "last_update_by": 2,
    "last_update_date": "2021-04-08",
    "lft": 1,
    "rght": 2,
    "tree_id": 20,
    "level": 0
  }
}, {
  "model": "company.job",
  "pk": 1,
  "fields": {
    "enterprise": 2,
    "job_user": 2,
    "job_name": "CEO",
    "job_description": "Chief Executive Officer",
    "start_date": "2008-10-26",
    "end_date": null,
    "created_by": 1,
    "creation_date": "2021-04-15",
    "last_update_by": 1,
    "last_update_date": "2021-04-15"
  }
}, {
  "model": "company.job",
  "pk": 2,
  "fields": {
    "enterprise": 2,
    "job_user": 2,
    "job_name": "Operations Manager",
    "job_description": "",
    "start_date": "2008-10-26",
    "end_date": null,
    "created_by": 1,
    "creation_date": "2021-04-15",
    "last_update_by": 1,
    "last_update_date": "2021-04-15"
  }
}, {
  "model": "company.job",
  "pk": 3,
  "fields": {
    "enterprise": 2,
    "job_user": 2,
    "job_name": "Project Manager",
    "job_description": "",
    "start_date": "2008-10-26",
    "end_date": null,
    "created_by": 1,
    "creation_date": "2021-04-15",
    "last_update_by": 1,
    "last_update_date": "2021-04-15"
  }
}, {
  "model": "company.job",
  "pk": 4,
  "fields": {
    "enterprise": 2,
    "job_user": 2,
    "job_name": "Delivery manager",
    "job_description": "",
    "start_date": "2008-10-26",
    "end_date": null,
    "created_by": 1,
    "creation_date": "2021-04-15",
    "last_update_by": 1,
    "last_update_date": "2021-04-15"
  }
}, {
  "model": "company.job",
  "pk": 5,
  "fields": {
    "enterprise": 2,
    "job_user": 2,
    "job_name": "Sales Manager",
    "job_description": "",
    "start_date": "2008-10-26",
    "end_date": null,
    "created_by": 1,
    "creation_date": "2021-04-15",
    "last_update_by": 1,
    "last_update_date": "2021-04-15"
  }
}, {
  "model": "company.job",
  "pk": 6,
  "fields": {
    "enterprise": 2,
    "job_user": 2,
    "job_name": "Marketing Manager",
    "job_description": "",
    "start_date": "2008-10-26",
    "end_date": null,
    "created_by": 1,
    "creation_date": "2021-04-15",
    "last_update_by": 1,
    "last_update_date": "2021-04-15"
  }
}, {
  "model": "company.job",
  "pk": 7,
  "fields": {
    "enterprise": 2,
    "job_user": 2,
    "job_name": "HR Manager",
    "job_description": "",
    "start_date": "2020-10-26",
    "end_date": null,
    "created_by": 1,
    "creation_date": "2021-04-15",
    "last_update_by": 1,
    "last_update_date": "2021-04-15"
  }
}, {
  "model": "company.job",
  "pk": 8,
  "fields": {
    "enterprise": 2,
    "job_user": 2,
    "job_name": "Services Manager",
    "job_description": "",
    "start_date": "2020-10-26",
    "end_date": null,
    "created_by": 1,
    "creation_date": "2021-04-15",
    "last_update_by": 1,
    "last_update_date": "2021-04-15"
  }
}, {
  "model": "company.job",
  "pk": 9,
  "fields": {
    "enterprise": 2,
    "job_user": 2,
    "job_name": "Sales Manager",
    "job_description": "",
    "start_date": "2020-10-26",
    "end_date": null,
    "created_by": 1,
    "creation_date": "2021-04-15",
    "last_update_by": 1,
    "last_update_date": "2021-04-15"
  }
}, {
  "model": "company.job",
  "pk": 10,
  "fields": {
    "enterprise": 2,
    "job_user": 2,
    "job_name": "Innovation & Business Support Manager",
    "job_description": "Innovation & Business Support Manager",
    "start_date": "2008-10-26",
    "end_date": null,
    "created_by": 1,
    "creation_date": "2021-04-15",
    "last_update_by": 1,
    "last_update_date": "2021-04-15"
  }
}, {
  "model": "company.job",
  "pk": 11,
  "fields": {
    "enterprise": 2,
    "job_user": 2,
    "job_name": "Oracle Financial Consultant",
    "job_description": "",
    "start_date": "2008-10-26",
    "end_date": null,
    "created_by": 1,
    "creation_date": "2021-04-15",
    "last_update_by": 1,
    "last_update_date": "2021-04-15"
  }
}, {
  "model": "company.job",
  "pk": 12,
  "fields": {
    "enterprise": 2,
    "job_user": 2,
    "job_name": "Oracle Technical Consultant",
    "job_description": "",
    "start_date": "2008-10-26",
    "end_date": null,
    "created_by": 1,
    "creation_date": "2021-04-15",
    "last_update_by": 1,
    "last_update_date": "2021-04-15"
  }
}, {
  "model": "company.job",
  "pk": 13,
  "fields": {
    "enterprise": 2,
    "job_user": 2,
    "job_name": "Web Developer",
    "job_description": "",
    "start_date": "2008-10-26",
    "end_date": null,
    "created_by": 1,
    "creation_date": "2021-04-15",
    "last_update_by": 1,
    "last_update_date": "2021-04-15"
  }
}, {
  "model": "company.job",
  "pk": 14,
  "fields": {
    "enterprise": 2,
    "job_user": 2,
    "job_name": "Oracle SCM Consultant",
    "job_description": "",
    "start_date": "2008-10-26",
    "end_date": null,
    "created_by": 1,
    "creation_date": "2021-04-15",
    "last_update_by": 1,
    "last_update_date": "2021-04-15"
  }
}, {
  "model": "company.job",
  "pk": 15,
  "fields": {
    "enterprise": 2,
    "job_user": 2,
    "job_name": "HR Recruiter",
    "job_description": "",
    "start_date": "2008-10-26",
    "end_date": "2021-02-08",
    "created_by": 1,
    "creation_date": "2021-04-15",
    "last_update_by": 1,
    "last_update_date": "2021-04-15"
  }
}, {
  "model": "company.job",
  "pk": 16,
  "fields": {
    "enterprise": 2,
    "job_user": 2,
    "job_name": "Administration Officer",
    "job_description": "",
    "start_date": "2008-10-26",
    "end_date": null,
    "created_by": 1,
    "creation_date": "2021-04-15",
    "last_update_by": 1,
    "last_update_date": "2021-04-15"
  }
}, {
  "model": "company.job",
  "pk": 17,
  "fields": {
    "enterprise": 2,
    "job_user": 2,
    "job_name": "Financials Officer",
    "job_description": "Financials Officer",
    "start_date": "2008-10-26",
    "end_date": null,
    "created_by": 1,
    "creation_date": "2021-04-15",
    "last_update_by": 1,
    "last_update_date": "2021-04-15"
  }
}, {
  "model": "company.job",
  "pk": 18,
  "fields": {
    "enterprise": 2,
    "job_user": 2,
    "job_name": "Office Assisstant",
    "job_description": "Office Assistant",
    "start_date": "2008-10-26",
    "end_date": null,
    "created_by": 1,
    "creation_date": "2021-04-15",
    "last_update_by": 1,
    "last_update_date": "2021-04-15"
  }
}, {
  "model": "company.job",
  "pk": 19,
  "fields": {
    "enterprise": 2,
    "job_user": 2,
    "job_name": "Office Runner",
    "job_description": "Office Runner",
    "start_date": "2008-10-26",
    "end_date": null,
    "created_by": 1,
    "creation_date": "2021-04-15",
    "last_update_by": 1,
    "last_update_date": "2021-04-15"
  }
}, {
  "model": "company.job",
  "pk": 22,
  "fields": {
    "enterprise": 5,
    "job_user": 37,
    "job_name": "Director",
    "job_description": "",
    "start_date": "2020-01-01",
    "end_date": null,
    "created_by": 1,
    "creation_date": "2021-04-15",
    "last_update_by": 1,
    "last_update_date": "2021-04-15"
  }
}, {
  "model": "company.job",
  "pk": 23,
  "fields": {
    "enterprise": 5,
    "job_user": 37,
    "job_name": "Manager",
    "job_description": "",
    "start_date": "2020-01-01",
    "end_date": null,
    "created_by": 1,
    "creation_date": "2021-04-15",
    "last_update_by": 1,
    "last_update_date": "2021-04-15"
  }
}, {
  "model": "company.job",
  "pk": 24,
  "fields": {
    "enterprise": 5,
    "job_user": 37,
    "job_name": "Supervisor",
    "job_description": "",
    "start_date": "2020-01-01",
    "end_date": null,
    "created_by": 1,
    "creation_date": "2021-04-15",
    "last_update_by": 1,
    "last_update_date": "2021-04-15"
  }
}, {
  "model": "company.job",
  "pk": 25,
  "fields": {
    "enterprise": 5,
    "job_user": 37,
    "job_name": "Junior",
    "job_description": "",
    "start_date": "2020-01-01",
    "end_date": null,
    "created_by": 1,
    "creation_date": "2021-04-15",
    "last_update_by": 1,
    "last_update_date": "2021-04-15"
  }
}, {
  "model": "company.job",
  "pk": 26,
  "fields": {
    "enterprise": 5,
    "job_user": 37,
    "job_name": "Intern",
    "job_description": "",
    "start_date": "2020-01-01",
    "end_date": null,
    "created_by": 1,
    "creation_date": "2021-04-15",
    "last_update_by": 1,
    "last_update_date": "2021-04-15"
  }
}, {
  "model": "company.job",
  "pk": 27,
  "fields": {
    "enterprise": 5,
    "job_user": 37,
    "job_name": "Intern/ Part-Timer",
    "job_description": "",
    "start_date": "2020-01-01",
    "end_date": "2020-12-15",
    "created_by": 1,
    "creation_date": "2021-04-15",
    "last_update_by": 1,
    "last_update_date": "2021-04-15"
  }
}, {
  "model": "company.job",
  "pk": 28,
  "fields": {
    "enterprise": 5,
    "job_user": 37,
    "job_name": "Part-Timer",
    "job_description": "",
    "start_date": "2020-01-01",
    "end_date": null,
    "created_by": 1,
    "creation_date": "2021-04-15",
    "last_update_by": 1,
    "last_update_date": "2021-04-15"
  }
}, {
  "model": "company.job",
  "pk": 29,
  "fields": {
    "enterprise": 5,
    "job_user": 37,
    "job_name": "Senior",
    "job_description": "",
    "start_date": "2020-01-01",
    "end_date": null,
    "created_by": 1,
    "creation_date": "2021-04-15",
    "last_update_by": 1,
    "last_update_date": "2021-04-15"
  }
}, {
  "model": "company.job",
  "pk": 30,
  "fields": {
    "enterprise": 5,
    "job_user": 37,
    "job_name": "Team Lead",
    "job_description": "",
    "start_date": "2020-01-01",
    "end_date": null,
    "created_by": 1,
    "creation_date": "2021-04-15",
    "last_update_by": 1,
    "last_update_date": "2021-04-15"
  }
}, {
  "model": "company.job",
  "pk": 31,
  "fields": {
    "enterprise": 5,
    "job_user": 37,
    "job_name": "Employee",
    "job_description": "",
    "start_date": "2020-01-01",
    "end_date": null,
    "created_by": 1,
    "creation_date": "2021-04-15",
    "last_update_by": 1,
    "last_update_date": "2021-04-15"
  }
}, {
  "model": "company.job",
  "pk": 32,
  "fields": {
    "enterprise": 2,
    "job_user": 2,
    "job_name": "Game Developer",
    "job_description": "",
    "start_date": "2021-02-07",
    "end_date": "2021-02-08",
    "created_by": 1,
    "creation_date": "2021-04-15",
    "last_update_by": 1,
    "last_update_date": "2021-04-15"
  }
}, {
  "model": "company.job",
  "pk": 33,
  "fields": {
    "enterprise": 2,
    "job_user": 2,
    "job_name": "Game Developer",
    "job_description": "",
    "start_date": "2021-02-07",
    "end_date": "2021-02-08",
    "created_by": 1,
    "creation_date": "2021-04-15",
    "last_update_by": 1,
    "last_update_date": "2021-04-15"
  }
}, {
  "model": "company.job",
  "pk": 34,
  "fields": {
    "enterprise": 2,
    "job_user": 2,
    "job_name": "Game Developer",
    "job_description": "",
    "start_date": "2021-02-07",
    "end_date": null,
    "created_by": 1,
    "creation_date": "2021-04-15",
    "last_update_by": 1,
    "last_update_date": "2021-04-15"
  }
}, {
  "model": "company.job",
  "pk": 35,
  "fields": {
    "enterprise": 2,
    "job_user": 2,
    "job_name": "Innovation & Business Support Manager",
    "job_description": "Innovation & Business Support Manager",
    "start_date": "2008-10-26",
    "end_date": "2021-02-07",
    "created_by": 1,
    "creation_date": "2021-04-15",
    "last_update_by": 1,
    "last_update_date": "2021-04-15"
  }
}, {
  "model": "company.job",
  "pk": 36,
  "fields": {
    "enterprise": 2,
    "job_user": 2,
    "job_name": "IT Business Partner",
    "job_description": "",
    "start_date": "2021-02-08",
    "end_date": null,
    "created_by": 1,
    "creation_date": "2021-04-15",
    "last_update_by": 1,
    "last_update_date": "2021-04-15"
  }
}, {
  "model": "company.job",
  "pk": 37,
  "fields": {
    "enterprise": 2,
    "job_user": 2,
    "job_name": "Java Team Lead",
    "job_description": "",
    "start_date": "2021-02-08",
    "end_date": null,
    "created_by": 1,
    "creation_date": "2021-04-15",
    "last_update_by": 1,
    "last_update_date": "2021-04-15"
  }
}, {
  "model": "company.job",
  "pk": 38,
  "fields": {
    "enterprise": 2,
    "job_user": 2,
    "job_name": "Lead Software Engineer",
    "job_description": "",
    "start_date": "2021-02-08",
    "end_date": null,
    "created_by": 1,
    "creation_date": "2021-04-15",
    "last_update_by": 1,
    "last_update_date": "2021-04-15"
  }
}, {
  "model": "company.job",
  "pk": 39,
  "fields": {
    "enterprise": 2,
    "job_user": 2,
    "job_name": "Software Developer",
    "job_description": "",
    "start_date": "2021-02-08",
    "end_date": null,
    "created_by": 1,
    "creation_date": "2021-04-15",
    "last_update_by": 1,
    "last_update_date": "2021-04-15"
  }
}, {
  "model": "company.job",
  "pk": 40,
  "fields": {
    "enterprise": 2,
    "job_user": 2,
    "job_name": "Delivery Man",
    "job_description": "",
    "start_date": "2021-02-08",
    "end_date": null,
    "created_by": 1,
    "creation_date": "2021-04-15",
    "last_update_by": 1,
    "last_update_date": "2021-04-15"
  }
}, {
  "model": "company.job",
  "pk": 41,
  "fields": {
    "enterprise": 2,
    "job_user": 2,
    "job_name": "Junior Python Developer",
    "job_description": "",
    "start_date": "2021-02-08",
    "end_date": null,
    "created_by": 1,
    "creation_date": "2021-04-15",
    "last_update_by": 1,
    "last_update_date": "2021-04-15"
  }
}, {
  "model": "company.job",
  "pk": 42,
  "fields": {
    "enterprise": 2,
    "job_user": 2,
    "job_name": "Data Engineer",
    "job_description": "",
    "start_date": "2021-02-08",
    "end_date": null,
    "created_by": 1,
    "creation_date": "2021-04-15",
    "last_update_by": 1,
    "last_update_date": "2021-04-15"
  }
}, {
  "model": "company.job",
  "pk": 43,
  "fields": {
    "enterprise": 2,
    "job_user": 2,
    "job_name": "Data Architect",
    "job_description": "",
    "start_date": "2021-02-08",
    "end_date": null,
    "created_by": 1,
    "creation_date": "2021-04-15",
    "last_update_by": 1,
    "last_update_date": "2021-04-15"
  }
}, {
  "model": "company.job",
  "pk": 44,
  "fields": {
    "enterprise": 2,
    "job_user": 2,
    "job_name": "Net Developer",
    "job_description": "",
    "start_date": "2021-02-08",
    "end_date": null,
    "created_by": 1,
    "creation_date": "2021-04-15",
    "last_update_by": 1,
    "last_update_date": "2021-04-15"
  }
}, {
  "model": "company.job",
  "pk": 45,
  "fields": {
    "enterprise": 2,
    "job_user": 2,
    "job_name": "It Analyst",
    "job_description": "",
    "start_date": "2021-02-08",
    "end_date": null,
    "created_by": 1,
    "creation_date": "2021-04-15",
    "last_update_by": 1,
    "last_update_date": "2021-04-15"
  }
}, {
  "model": "company.job",
  "pk": 46,
  "fields": {
    "enterprise": 2,
    "job_user": 2,
    "job_name": "Digital Marketing It Lead",
    "job_description": "",
    "start_date": "2021-02-08",
    "end_date": null,
    "created_by": 1,
    "creation_date": "2021-04-15",
    "last_update_by": 1,
    "last_update_date": "2021-04-15"
  }
}, {
  "model": "company.job",
  "pk": 47,
  "fields": {
    "enterprise": 2,
    "job_user": 2,
    "job_name": "SAP Fico Cosultant",
    "job_description": "",
    "start_date": "2021-02-08",
    "end_date": "2021-02-08",
    "created_by": 1,
    "creation_date": "2021-04-15",
    "last_update_by": 1,
    "last_update_date": "2021-04-15"
  }
}, {
  "model": "company.job",
  "pk": 48,
  "fields": {
    "enterprise": 2,
    "job_user": 2,
    "job_name": "SAP Fico Consultant",
    "job_description": "",
    "start_date": "2021-02-08",
    "end_date": null,
    "created_by": 1,
    "creation_date": "2021-04-15",
    "last_update_by": 1,
    "last_update_date": "2021-04-15"
  }
}, {
  "model": "company.job",
  "pk": 49,
  "fields": {
    "enterprise": 2,
    "job_user": 2,
    "job_name": "Innovation & Business Support Manager",
    "job_description": "",
    "start_date": "2021-02-08",
    "end_date": "2021-02-08",
    "created_by": 1,
    "creation_date": "2021-04-15",
    "last_update_by": 1,
    "last_update_date": "2021-04-15"
  }
}, {
  "model": "company.job",
  "pk": 50,
  "fields": {
    "enterprise": 2,
    "job_user": 2,
    "job_name": "Service Delivery Manager",
    "job_description": "",
    "start_date": "2021-02-08",
    "end_date": null,
    "created_by": 1,
    "creation_date": "2021-04-15",
    "last_update_by": 1,
    "last_update_date": "2021-04-15"
  }
}, {
  "model": "company.job",
  "pk": 51,
  "fields": {
    "enterprise": 2,
    "job_user": 2,
    "job_name": "Oracle SCM & OPM Functional Consultant",
    "job_description": "",
    "start_date": "2021-02-08",
    "end_date": null,
    "created_by": 1,
    "creation_date": "2021-04-15",
    "last_update_by": 1,
    "last_update_date": "2021-04-15"
  }
}, {
  "model": "company.job",
  "pk": 52,
  "fields": {
    "enterprise": 2,
    "job_user": 2,
    "job_name": "Senior Financial Consultant",
    "job_description": "",
    "start_date": "2021-02-08",
    "end_date": null,
    "created_by": 1,
    "creation_date": "2021-04-15",
    "last_update_by": 1,
    "last_update_date": "2021-04-15"
  }
}, {
  "model": "company.job",
  "pk": 53,
  "fields": {
    "enterprise": 2,
    "job_user": 2,
    "job_name": "OAF Technical Consultant",
    "job_description": "",
    "start_date": "2021-02-08",
    "end_date": null,
    "created_by": 1,
    "creation_date": "2021-04-15",
    "last_update_by": 1,
    "last_update_date": "2021-04-15"
  }
}, {
  "model": "company.job",
  "pk": 54,
  "fields": {
    "enterprise": 2,
    "job_user": 2,
    "job_name": "Geo It Analyst_Directly Consumed Service",
    "job_description": "",
    "start_date": "2021-02-08",
    "end_date": null,
    "created_by": 1,
    "creation_date": "2021-04-15",
    "last_update_by": 1,
    "last_update_date": "2021-04-15"
  }
}, {
  "model": "company.job",
  "pk": 55,
  "fields": {
    "enterprise": 2,
    "job_user": 2,
    "job_name": "It Support Engineer",
    "job_description": "",
    "start_date": "2021-02-08",
    "end_date": null,
    "created_by": 1,
    "creation_date": "2021-04-15",
    "last_update_by": 1,
    "last_update_date": "2021-04-15"
  }
}, {
  "model": "company.job",
  "pk": 56,
  "fields": {
    "enterprise": 2,
    "job_user": 2,
    "job_name": "Brand Designer & Game Artist",
    "job_description": "",
    "start_date": "2021-02-08",
    "end_date": null,
    "created_by": 1,
    "creation_date": "2021-04-15",
    "last_update_by": 1,
    "last_update_date": "2021-04-15"
  }
}, {
  "model": "company.job",
  "pk": 57,
  "fields": {
    "enterprise": 2,
    "job_user": 2,
    "job_name": "Chief Accountant",
    "job_description": "",
    "start_date": "2021-02-08",
    "end_date": null,
    "created_by": 1,
    "creation_date": "2021-04-15",
    "last_update_by": 1,
    "last_update_date": "2021-04-15"
  }
}, {
  "model": "company.job",
  "pk": 58,
  "fields": {
    "enterprise": 2,
    "job_user": 2,
    "job_name": "HR Specialist",
    "job_description": "",
    "start_date": "2021-02-08",
    "end_date": null,
    "created_by": 1,
    "creation_date": "2021-04-15",
    "last_update_by": 1,
    "last_update_date": "2021-04-15"
  }
}, {
  "model": "company.job",
  "pk": 59,
  "fields": {
    "enterprise": 2,
    "job_user": 2,
    "job_name": "Senior Recruiter",
    "job_description": "",
    "start_date": "2021-02-08",
    "end_date": null,
    "created_by": 1,
    "creation_date": "2021-04-15",
    "last_update_by": 1,
    "last_update_date": "2021-04-15"
  }
}, {
  "model": "company.job",
  "pk": 60,
  "fields": {
    "enterprise": 2,
    "job_user": 2,
    "job_name": "Junior Java Development",
    "job_description": "",
    "start_date": "2021-02-08",
    "end_date": null,
    "created_by": 1,
    "creation_date": "2021-04-15",
    "last_update_by": 1,
    "last_update_date": "2021-04-15"
  }
}, {
  "model": "company.job",
  "pk": 61,
  "fields": {
    "enterprise": 2,
    "job_user": 2,
    "job_name": "Junior Technical Consultant",
    "job_description": "",
    "start_date": "2021-02-08",
    "end_date": null,
    "created_by": 1,
    "creation_date": "2021-04-15",
    "last_update_by": 1,
    "last_update_date": "2021-04-15"
  }
}, {
  "model": "company.job",
  "pk": 62,
  "fields": {
    "enterprise": 2,
    "job_user": 2,
    "job_name": "Digital Marketing Analyst",
    "job_description": "",
    "start_date": "2021-02-08",
    "end_date": null,
    "created_by": 1,
    "creation_date": "2021-04-15",
    "last_update_by": 1,
    "last_update_date": "2021-04-15"
  }
}, {
  "model": "company.job",
  "pk": 63,
  "fields": {
    "enterprise": 2,
    "job_user": 2,
    "job_name": "It Business Analyst",
    "job_description": "",
    "start_date": "2021-02-08",
    "end_date": null,
    "created_by": 1,
    "creation_date": "2021-04-15",
    "last_update_by": 1,
    "last_update_date": "2021-04-15"
  }
}, {
  "model": "company.job",
  "pk": 64,
  "fields": {
    "enterprise": 2,
    "job_user": 2,
    "job_name": "Junior Financial consultant",
    "job_description": "",
    "start_date": "2021-02-08",
    "end_date": null,
    "created_by": 1,
    "creation_date": "2021-04-15",
    "last_update_by": 1,
    "last_update_date": "2021-04-15"
  }
}, {
  "model": "company.job",
  "pk": 65,
  "fields": {
    "enterprise": 2,
    "job_user": 2,
    "job_name": "Sales Manager",
    "job_description": "",
    "start_date": "2021-02-08",
    "end_date": null,
    "created_by": 1,
    "creation_date": "2021-04-15",
    "last_update_by": 1,
    "last_update_date": "2021-04-15"
  }
}, {
  "model": "company.job",
  "pk": 66,
  "fields": {
    "enterprise": 2,
    "job_user": 2,
    "job_name": "Administration",
    "job_description": "",
    "start_date": "2021-02-08",
    "end_date": null,
    "created_by": 1,
    "creation_date": "2021-04-15",
    "last_update_by": 1,
    "last_update_date": "2021-04-15"
  }
}, {
  "model": "company.job",
  "pk": 67,
  "fields": {
    "enterprise": 2,
    "job_user": 2,
    "job_name": "Application Support Engineer",
    "job_description": "",
    "start_date": "2021-02-08",
    "end_date": null,
    "created_by": 1,
    "creation_date": "2021-04-15",
    "last_update_by": 1,
    "last_update_date": "2021-04-15"
  }
}, {
  "model": "company.job",
  "pk": 68,
  "fields": {
    "enterprise": 2,
    "job_user": 2,
    "job_name": "Junior Back End",
    "job_description": "",
    "start_date": "2021-03-15",
    "end_date": "2021-03-15",
    "created_by": 1,
    "creation_date": "2021-04-15",
    "last_update_by": 1,
    "last_update_date": "2021-04-15"
  }
}, {
  "model": "company.job",
  "pk": 69,
  "fields": {
    "enterprise": 2,
    "job_user": 2,
    "job_name": "Junior Back End Developer",
    "job_description": "",
    "start_date": "2021-03-15",
    "end_date": null,
    "created_by": 1,
    "creation_date": "2021-04-15",
    "last_update_by": 1,
    "last_update_date": "2021-04-15"
  }
}, {
  "model": "company.job",
  "pk": 70,
  "fields": {
    "enterprise": 2,
    "job_user": 2,
    "job_name": "Lawyer",
    "job_description": "lawyer",
    "start_date": "2021-03-29",
    "end_date": null,
    "created_by": 1,
    "creation_date": "2021-04-15",
    "last_update_by": 1,
    "last_update_date": "2021-04-15"
  }
}, {
  "model": "company.job",
  "pk": 71,
  "fields": {
    "enterprise": 2,
    "job_user": 2,
    "job_name": "Lawyer",
    "job_description": "lawyer",
    "start_date": "2021-03-29",
    "end_date": "2021-03-29",
    "created_by": 1,
    "creation_date": "2021-04-15",
    "last_update_by": 1,
    "last_update_date": "2021-04-15"
  }
}, {
  "model": "company.grade",
  "pk": 1,
  "fields": {
    "enterprise": 2,
    "grade_user": 2,
    "grade_name": "1",
    "grade_description": "Grade 1",
    "start_date": "2008-10-26",
    "end_date": null,
    "created_by": 2,
    "creation_date": "2020-10-26",
    "last_update_by": 2,
    "last_update_date": "2020-10-26"
  }
}, {
  "model": "company.grade",
  "pk": 2,
  "fields": {
    "enterprise": 2,
    "grade_user": 2,
    "grade_name": "2",
    "grade_description": "Grade 2",
    "start_date": "2008-10-26",
    "end_date": null,
    "created_by": 2,
    "creation_date": "2020-10-26",
    "last_update_by": 2,
    "last_update_date": "2020-10-26"
  }
}, {
  "model": "company.grade",
  "pk": 3,
  "fields": {
    "enterprise": 2,
    "grade_user": 2,
    "grade_name": "3",
    "grade_description": "Grade 3",
    "start_date": "2008-10-26",
    "end_date": null,
    "created_by": 2,
    "creation_date": "2020-10-26",
    "last_update_by": 2,
    "last_update_date": "2020-10-26"
  }
}, {
  "model": "company.grade",
  "pk": 4,
  "fields": {
    "enterprise": 2,
    "grade_user": 2,
    "grade_name": "4",
    "grade_description": "Grade 4",
    "start_date": "2008-10-26",
    "end_date": null,
    "created_by": 2,
    "creation_date": "2020-10-26",
    "last_update_by": 2,
    "last_update_date": "2020-10-26"
  }
}, {
  "model": "company.grade",
  "pk": 5,
  "fields": {
    "enterprise": 2,
    "grade_user": 2,
    "grade_name": "5",
    "grade_description": "Grade 5",
    "start_date": "2008-10-26",
    "end_date": null,
    "created_by": 2,
    "creation_date": "2020-10-26",
    "last_update_by": 2,
    "last_update_date": "2020-10-26"
  }
}, {
  "model": "company.grade",
  "pk": 6,
  "fields": {
    "enterprise": 2,
    "grade_user": 2,
    "grade_name": "6",
    "grade_description": "Grade 6",
    "start_date": "2008-10-26",
    "end_date": null,
    "created_by": 2,
    "creation_date": "2020-10-26",
    "last_update_by": 2,
    "last_update_date": "2020-10-26"
  }
}, {
  "model": "company.grade",
  "pk": 7,
  "fields": {
    "enterprise": 2,
    "grade_user": 2,
    "grade_name": "7",
    "grade_description": "Grade 7",
    "start_date": "2008-10-26",
    "end_date": null,
    "created_by": 2,
    "creation_date": "2020-10-26",
    "last_update_by": 2,
    "last_update_date": "2020-10-26"
  }
}, {
  "model": "company.grade",
  "pk": 8,
  "fields": {
    "enterprise": 5,
    "grade_user": 37,
    "grade_name": "Manager",
    "grade_description": null,
    "start_date": "2020-01-01",
    "end_date": "2020-12-15",
    "created_by": 37,
    "creation_date": "2020-12-15",
    "last_update_by": 37,
    "last_update_date": "2020-12-15"
  }
}, {
  "model": "company.grade",
  "pk": 9,
  "fields": {
    "enterprise": 5,
    "grade_user": 37,
    "grade_name": "Senior",
    "grade_description": null,
    "start_date": "2020-01-01",
    "end_date": "2020-12-15",
    "created_by": 37,
    "creation_date": "2020-12-15",
    "last_update_by": 37,
    "last_update_date": "2020-12-15"
  }
}, {
  "model": "company.grade",
  "pk": 10,
  "fields": {
    "enterprise": 5,
    "grade_user": 37,
    "grade_name": "Junior",
    "grade_description": null,
    "start_date": "2020-01-01",
    "end_date": "2020-12-15",
    "created_by": 37,
    "creation_date": "2020-12-15",
    "last_update_by": 37,
    "last_update_date": "2020-12-15"
  }
}, {
  "model": "company.grade",
  "pk": 11,
  "fields": {
    "enterprise": 5,
    "grade_user": 37,
    "grade_name": "Non-Manager",
    "grade_description": null,
    "start_date": "2020-01-01",
    "end_date": "2020-12-15",
    "created_by": 37,
    "creation_date": "2020-12-15",
    "last_update_by": 37,
    "last_update_date": "2020-12-15"
  }
}, {
  "model": "company.grade",
  "pk": 12,
  "fields": {
    "enterprise": 5,
    "grade_user": 37,
    "grade_name": "Team Lead",
    "grade_description": null,
    "start_date": "2020-01-01",
    "end_date": "2020-12-15",
    "created_by": 37,
    "creation_date": "2020-12-15",
    "last_update_by": 37,
    "last_update_date": "2020-12-15"
  }
}, {
  "model": "company.grade",
  "pk": 13,
  "fields": {
    "enterprise": 5,
    "grade_user": 37,
    "grade_name": "x",
    "grade_description": null,
    "start_date": "2020-01-01",
    "end_date": "2020-12-15",
    "created_by": 37,
    "creation_date": "2020-12-15",
    "last_update_by": 37,
    "last_update_date": "2020-12-15"
  }
}, {
  "model": "company.position",
  "pk": 1,
  "fields": {
    "job": 1,
    "department": 6,
    "grade": 7,
    "position_name": "CEO",
    "position_description": null,
    "start_date": "2008-10-26",
    "end_date": null,
    "created_by": 2,
    "creation_date": "2020-10-26",
    "last_update_by": 2,
    "last_update_date": "2020-10-26"
  }
}, {
  "model": "company.position",
  "pk": 2,
  "fields": {
    "job": 8,
    "department": 1,
    "grade": 6,
    "position_name": "Services Manager",
    "position_description": "Business Services Manager",
    "start_date": "2008-10-26",
    "end_date": null,
    "created_by": 2,
    "creation_date": "2020-10-26",
    "last_update_by": 2,
    "last_update_date": "2020-10-26"
  }
}, {
  "model": "company.position",
  "pk": 3,
  "fields": {
    "job": 7,
    "department": 6,
    "grade": 5,
    "position_name": "HR Manager",
    "position_description": "Human Resources Manager",
    "start_date": "2008-10-26",
    "end_date": null,
    "created_by": 2,
    "creation_date": "2020-10-26",
    "last_update_by": 2,
    "last_update_date": "2020-10-26"
  }
}, {
  "model": "company.position",
  "pk": 4,
  "fields": {
    "job": 15,
    "department": 6,
    "grade": 3,
    "position_name": "Talent Acquisition Specialist",
    "position_description": "Talent Acquisition Specialist",
    "start_date": "2008-10-26",
    "end_date": null,
    "created_by": 2,
    "creation_date": "2020-10-26",
    "last_update_by": 2,
    "last_update_date": "2020-10-26"
  }
}, {
  "model": "company.position",
  "pk": 5,
  "fields": {
    "job": 16,
    "department": 6,
    "grade": 3,
    "position_name": "Administrator Officer",
    "position_description": "Administrator Officer",
    "start_date": "2008-10-26",
    "end_date": null,
    "created_by": 2,
    "creation_date": "2020-10-26",
    "last_update_by": 2,
    "last_update_date": "2020-10-26"
  }
}, {
  "model": "company.position",
  "pk": 6,
  "fields": {
    "job": 2,
    "department": 4,
    "grade": 2,
    "position_name": "Operations Manager",
    "position_description": "Operations Manager",
    "start_date": "2008-10-26",
    "end_date": null,
    "created_by": 2,
    "creation_date": "2020-10-26",
    "last_update_by": 2,
    "last_update_date": "2020-10-26"
  }
}, {
  "model": "company.position",
  "pk": 7,
  "fields": {
    "job": 3,
    "department": 4,
    "grade": 5,
    "position_name": "Project Manager",
    "position_description": "Project Manager",
    "start_date": "2008-10-26",
    "end_date": null,
    "created_by": 2,
    "creation_date": "2020-10-26",
    "last_update_by": 2,
    "last_update_date": "2020-10-26"
  }
}, {
  "model": "company.position",
  "pk": 8,
  "fields": {
    "job": 4,
    "department": 2,
    "grade": 5,
    "position_name": "Delivery Manager",
    "position_description": "Delivery Manager",
    "start_date": "2008-10-26",
    "end_date": null,
    "created_by": 2,
    "creation_date": "2020-10-26",
    "last_update_by": 2,
    "last_update_date": "2020-10-26"
  }
}, {
  "model": "company.position",
  "pk": 9,
  "fields": {
    "job": 17,
    "department": 1,
    "grade": 3,
    "position_name": "Financials Officer",
    "position_description": "Financials Officers",
    "start_date": "2008-10-26",
    "end_date": null,
    "created_by": 2,
    "creation_date": "2020-10-26",
    "last_update_by": 2,
    "last_update_date": "2020-10-26"
  }
}, {
  "model": "company.position",
  "pk": 10,
  "fields": {
    "job": 18,
    "department": 1,
    "grade": 1,
    "position_name": "Officer Assisstant",
    "position_description": "Officer Assisstant",
    "start_date": "2008-10-26",
    "end_date": null,
    "created_by": 2,
    "creation_date": "2020-10-26",
    "last_update_by": 2,
    "last_update_date": "2020-10-26"
  }
}, {
  "model": "company.position",
  "pk": 11,
  "fields": {
    "job": 19,
    "department": 1,
    "grade": 1,
    "position_name": "Office Runner",
    "position_description": "Officer Runner",
    "start_date": "2008-10-26",
    "end_date": null,
    "created_by": 2,
    "creation_date": "2020-10-26",
    "last_update_by": 2,
    "last_update_date": "2020-10-26"
  }
}, {
  "model": "company.position",
  "pk": 12,
  "fields": {
    "job": 12,
    "department": 3,
    "grade": 2,
    "position_name": "Junior Oracle Technical Consultant",
    "position_description": "Junior Oracle Technical Consultant",
    "start_date": "2008-10-26",
    "end_date": null,
    "created_by": 2,
    "creation_date": "2020-10-26",
    "last_update_by": 2,
    "last_update_date": "2020-10-26"
  }
}, {
  "model": "company.position",
  "pk": 13,
  "fields": {
    "job": 12,
    "department": 3,
    "grade": 2,
    "position_name": "Experienced Oracle Technical Consultant",
    "position_description": "Experienced Oracle Technical Consultant",
    "start_date": "2008-10-26",
    "end_date": null,
    "created_by": 2,
    "creation_date": "2020-10-26",
    "last_update_by": 2,
    "last_update_date": "2020-10-26"
  }
}, {
  "model": "company.position",
  "pk": 14,
  "fields": {
    "job": 12,
    "department": 3,
    "grade": 3,
    "position_name": "Senior Oracle Technical Consultant",
    "position_description": "Senior Oracle Technical Consultant",
    "start_date": "2008-10-26",
    "end_date": null,
    "created_by": 2,
    "creation_date": "2020-10-26",
    "last_update_by": 2,
    "last_update_date": "2020-10-26"
  }
}, {
  "model": "company.position",
  "pk": 15,
  "fields": {
    "job": 12,
    "department": 3,
    "grade": 4,
    "position_name": "Principle Oracle Technical Consultant",
    "position_description": "Principle Oracle Technical Consultant",
    "start_date": "2008-10-26",
    "end_date": null,
    "created_by": 2,
    "creation_date": "2020-10-26",
    "last_update_by": 2,
    "last_update_date": "2020-10-26"
  }
}, {
  "model": "company.position",
  "pk": 16,
  "fields": {
    "job": 11,
    "department": 2,
    "grade": 2,
    "position_name": "Junior Oracle Financials Functional Consultant",
    "position_description": "Junior Oracle Financials Functional Consultant",
    "start_date": "2008-10-26",
    "end_date": null,
    "created_by": 2,
    "creation_date": "2020-10-26",
    "last_update_by": 2,
    "last_update_date": "2020-10-26"
  }
}, {
  "model": "company.position",
  "pk": 17,
  "fields": {
    "job": 11,
    "department": 2,
    "grade": 3,
    "position_name": "Experienced Oracle Financials Functional Consultant",
    "position_description": "Experienced Oracle Financials Functional Consultant",
    "start_date": "2008-10-26",
    "end_date": null,
    "created_by": 2,
    "creation_date": "2020-10-26",
    "last_update_by": 2,
    "last_update_date": "2020-10-26"
  }
}, {
  "model": "company.position",
  "pk": 18,
  "fields": {
    "job": 11,
    "department": 2,
    "grade": 4,
    "position_name": "Senior Oracle Financials Functional Consultant",
    "position_description": "Senior Oracle Financials Functional Consultant",
    "start_date": "2008-10-26",
    "end_date": null,
    "created_by": 2,
    "creation_date": "2020-10-26",
    "last_update_by": 2,
    "last_update_date": "2020-10-26"
  }
}, {
  "model": "company.position",
  "pk": 19,
  "fields": {
    "job": 11,
    "department": 2,
    "grade": 5,
    "position_name": "Principle Oracle Financials Functional Consultant",
    "position_description": "Principle Oracle Financials Functional Consultant",
    "start_date": "2008-10-26",
    "end_date": null,
    "created_by": 2,
    "creation_date": "2020-10-26",
    "last_update_by": 2,
    "last_update_date": "2020-10-26"
  }
}, {
  "model": "company.position",
  "pk": 20,
  "fields": {
    "job": 14,
    "department": 2,
    "grade": 2,
    "position_name": "Junior Oracle SCM Functional Consultant",
    "position_description": "Junior Oracle SCM Functional Consultant",
    "start_date": "2008-10-26",
    "end_date": null,
    "created_by": 2,
    "creation_date": "2020-10-26",
    "last_update_by": 2,
    "last_update_date": "2020-10-26"
  }
}, {
  "model": "company.position",
  "pk": 21,
  "fields": {
    "job": 14,
    "department": 2,
    "grade": 3,
    "position_name": "Experienced Oracle SCM Functional Consultant",
    "position_description": "Experienced Oracle SCM Functional Consultant",
    "start_date": "2008-10-26",
    "end_date": null,
    "created_by": 2,
    "creation_date": "2020-10-26",
    "last_update_by": 2,
    "last_update_date": "2020-10-26"
  }
}, {
  "model": "company.position",
  "pk": 22,
  "fields": {
    "job": 31,
    "department": 32,
    "grade": null,
    "position_name": "Office Clerk",
    "position_description": null,
    "start_date": "2020-01-01",
    "end_date": null,
    "created_by": 37,
    "creation_date": "2020-12-15",
    "last_update_by": 37,
    "last_update_date": "2020-12-15"
  }
}, {
  "model": "company.position",
  "pk": 23,
  "fields": {
    "job": 29,
    "department": 33,
    "grade": null,
    "position_name": "Basis Consultant",
    "position_description": null,
    "start_date": "2020-01-01",
    "end_date": null,
    "created_by": 37,
    "creation_date": "2020-12-15",
    "last_update_by": 37,
    "last_update_date": "2020-12-15"
  }
}, {
  "model": "company.position",
  "pk": 24,
  "fields": {
    "job": 25,
    "department": 17,
    "grade": null,
    "position_name": "FI/BYD Consultant",
    "position_description": null,
    "start_date": "2020-01-01",
    "end_date": null,
    "created_by": 37,
    "creation_date": "2020-12-15",
    "last_update_by": 37,
    "last_update_date": "2020-12-15"
  }
}, {
  "model": "company.position",
  "pk": 25,
  "fields": {
    "job": 23,
    "department": 14,
    "grade": null,
    "position_name": "Accounting Manager",
    "position_description": null,
    "start_date": "2020-01-01",
    "end_date": null,
    "created_by": 37,
    "creation_date": "2020-12-16",
    "last_update_by": 37,
    "last_update_date": "2020-12-16"
  }
}, {
  "model": "company.position",
  "pk": 26,
  "fields": {
    "job": 24,
    "department": 14,
    "grade": null,
    "position_name": "Accounting Supervisor",
    "position_description": null,
    "start_date": "2020-01-01",
    "end_date": null,
    "created_by": 37,
    "creation_date": "2020-12-16",
    "last_update_by": 37,
    "last_update_date": "2020-12-16"
  }
}, {
  "model": "company.position",
  "pk": 27,
  "fields": {
    "job": 25,
    "department": 18,
    "grade": null,
    "position_name": "ABAP Consultant",
    "position_description": null,
    "start_date": "2020-01-01",
    "end_date": null,
    "created_by": 37,
    "creation_date": "2020-12-16",
    "last_update_by": 37,
    "last_update_date": "2020-12-16"
  }
}, {
  "model": "company.position",
  "pk": 28,
  "fields": {
    "job": 31,
    "department": 13,
    "grade": null,
    "position_name": "Admin. Assistant",
    "position_description": null,
    "start_date": "2020-01-01",
    "end_date": null,
    "created_by": 37,
    "creation_date": "2020-12-16",
    "last_update_by": 37,
    "last_update_date": "2020-12-16"
  }
}, {
  "model": "company.position",
  "pk": 29,
  "fields": {
    "job": null,
    "department": null,
    "grade": null,
    "position_name": "Office Boy",
    "position_description": "Office boy",
    "start_date": "2021-02-01",
    "end_date": null,
    "created_by": 1,
    "creation_date": "2021-02-07",
    "last_update_by": 1,
    "last_update_date": "2021-02-07"
  }
}, {
  "model": "company.position",
  "pk": 30,
  "fields": {
    "job": null,
    "department": null,
    "grade": null,
    "position_name": "General Manager",
    "position_description": "General Manager",
    "start_date": "2021-02-07",
    "end_date": null,
    "created_by": 1,
    "creation_date": "2021-02-07",
    "last_update_by": 1,
    "last_update_date": "2021-02-07"
  }
}, {
  "model": "company.position",
  "pk": 31,
  "fields": {
    "job": 15,
    "department": 6,
    "grade": null,
    "position_name": "HR Recruiter",
    "position_description": null,
    "start_date": "2021-02-08",
    "end_date": null,
    "created_by": 2,
    "creation_date": "2021-02-08",
    "last_update_by": 2,
    "last_update_date": "2021-02-08"
  }
}, {
  "model": "company.position",
  "pk": 32,
  "fields": {
    "job": 36,
    "department": 35,
    "grade": null,
    "position_name": "It business partner",
    "position_description": null,
    "start_date": "2021-02-08",
    "end_date": null,
    "created_by": 2,
    "creation_date": "2021-02-08",
    "last_update_by": 2,
    "last_update_date": "2021-02-08"
  }
}, {
  "model": "company.position",
  "pk": 33,
  "fields": {
    "job": 37,
    "department": 35,
    "grade": null,
    "position_name": "Java Team Lead",
    "position_description": null,
    "start_date": "2021-02-08",
    "end_date": null,
    "created_by": 2,
    "creation_date": "2021-02-08",
    "last_update_by": 2,
    "last_update_date": "2021-02-08"
  }
}, {
  "model": "company.position",
  "pk": 34,
  "fields": {
    "job": 38,
    "department": 35,
    "grade": null,
    "position_name": "Lead Software Engineer",
    "position_description": null,
    "start_date": "2021-02-08",
    "end_date": null,
    "created_by": 2,
    "creation_date": "2021-02-08",
    "last_update_by": 2,
    "last_update_date": "2021-02-08"
  }
}, {
  "model": "company.position",
  "pk": 35,
  "fields": {
    "job": 39,
    "department": 11,
    "grade": null,
    "position_name": "Software Developer",
    "position_description": null,
    "start_date": "2021-02-08",
    "end_date": null,
    "created_by": 2,
    "creation_date": "2021-02-08",
    "last_update_by": 2,
    "last_update_date": "2021-02-08"
  }
}, {
  "model": "company.position",
  "pk": 36,
  "fields": {
    "job": 40,
    "department": 36,
    "grade": null,
    "position_name": "Delivery Man",
    "position_description": null,
    "start_date": "2021-02-08",
    "end_date": null,
    "created_by": 2,
    "creation_date": "2021-02-08",
    "last_update_by": 2,
    "last_update_date": "2021-02-08"
  }
}, {
  "model": "company.position",
  "pk": 37,
  "fields": {
    "job": 41,
    "department": 11,
    "grade": null,
    "position_name": "Junior Python Developer",
    "position_description": null,
    "start_date": "2021-02-08",
    "end_date": null,
    "created_by": 2,
    "creation_date": "2021-02-08",
    "last_update_by": 2,
    "last_update_date": "2021-02-08"
  }
}, {
  "model": "company.position",
  "pk": 38,
  "fields": {
    "job": 33,
    "department": 37,
    "grade": null,
    "position_name": "Game Developer",
    "position_description": null,
    "start_date": "2021-02-08",
    "end_date": null,
    "created_by": 2,
    "creation_date": "2021-02-08",
    "last_update_by": 2,
    "last_update_date": "2021-02-08"
  }
}, {
  "model": "company.position",
  "pk": 39,
  "fields": {
    "job": 42,
    "department": 35,
    "grade": null,
    "position_name": "Data Engineer",
    "position_description": null,
    "start_date": "2021-02-08",
    "end_date": null,
    "created_by": 2,
    "creation_date": "2021-02-08",
    "last_update_by": 2,
    "last_update_date": "2021-02-08"
  }
}, {
  "model": "company.position",
  "pk": 40,
  "fields": {
    "job": 43,
    "department": 35,
    "grade": null,
    "position_name": "Data Architect",
    "position_description": null,
    "start_date": "2021-02-08",
    "end_date": null,
    "created_by": 2,
    "creation_date": "2021-02-08",
    "last_update_by": 2,
    "last_update_date": "2021-02-08"
  }
}, {
  "model": "company.position",
  "pk": 41,
  "fields": {
    "job": 44,
    "department": 35,
    "grade": null,
    "position_name": "Net Developer",
    "position_description": null,
    "start_date": "2021-02-08",
    "end_date": null,
    "created_by": 2,
    "creation_date": "2021-02-08",
    "last_update_by": 2,
    "last_update_date": "2021-02-08"
  }
}, {
  "model": "company.position",
  "pk": 42,
  "fields": {
    "job": 45,
    "department": 35,
    "grade": null,
    "position_name": "It Analyst",
    "position_description": null,
    "start_date": "2021-02-08",
    "end_date": null,
    "created_by": 2,
    "creation_date": "2021-02-08",
    "last_update_by": 2,
    "last_update_date": "2021-02-08"
  }
}, {
  "model": "company.position",
  "pk": 43,
  "fields": {
    "job": 46,
    "department": 35,
    "grade": null,
    "position_name": "Digital Marketing It Lead",
    "position_description": null,
    "start_date": "2021-02-08",
    "end_date": null,
    "created_by": 2,
    "creation_date": "2021-02-08",
    "last_update_by": 2,
    "last_update_date": "2021-02-08"
  }
}, {
  "model": "company.position",
  "pk": 44,
  "fields": {
    "job": 48,
    "department": 35,
    "grade": null,
    "position_name": "SAP Fico Consultant",
    "position_description": null,
    "start_date": "2021-02-08",
    "end_date": null,
    "created_by": 2,
    "creation_date": "2021-02-08",
    "last_update_by": 2,
    "last_update_date": "2021-02-08"
  }
}, {
  "model": "company.position",
  "pk": 45,
  "fields": {
    "job": 10,
    "department": 11,
    "grade": null,
    "position_name": "Innovation & Business Support Manager",
    "position_description": null,
    "start_date": "2021-02-08",
    "end_date": null,
    "created_by": 2,
    "creation_date": "2021-02-08",
    "last_update_by": 2,
    "last_update_date": "2021-02-08"
  }
}, {
  "model": "company.position",
  "pk": 46,
  "fields": {
    "job": 10,
    "department": 11,
    "grade": null,
    "position_name": "Innovation & Business Support Manager",
    "position_description": null,
    "start_date": "2021-02-08",
    "end_date": null,
    "created_by": 2,
    "creation_date": "2021-02-08",
    "last_update_by": 2,
    "last_update_date": "2021-02-08"
  }
}, {
  "model": "company.position",
  "pk": 47,
  "fields": {
    "job": 50,
    "department": 38,
    "grade": null,
    "position_name": "Service Delivery Manager",
    "position_description": null,
    "start_date": "2021-02-08",
    "end_date": null,
    "created_by": 2,
    "creation_date": "2021-02-08",
    "last_update_by": 2,
    "last_update_date": "2021-02-08"
  }
}, {
  "model": "company.position",
  "pk": 48,
  "fields": {
    "job": 51,
    "department": 38,
    "grade": null,
    "position_name": "Oracle SCM & OPM Functional Consultant",
    "position_description": null,
    "start_date": "2021-02-08",
    "end_date": null,
    "created_by": 2,
    "creation_date": "2021-02-08",
    "last_update_by": 2,
    "last_update_date": "2021-02-08"
  }
}, {
  "model": "company.position",
  "pk": 49,
  "fields": {
    "job": 52,
    "department": 38,
    "grade": null,
    "position_name": "Senior Financial Consultant",
    "position_description": null,
    "start_date": "2021-02-08",
    "end_date": null,
    "created_by": 2,
    "creation_date": "2021-02-08",
    "last_update_by": 2,
    "last_update_date": "2021-02-08"
  }
}, {
  "model": "company.position",
  "pk": 50,
  "fields": {
    "job": 53,
    "department": 11,
    "grade": null,
    "position_name": "OAF Technical Consultant",
    "position_description": null,
    "start_date": "2021-02-08",
    "end_date": null,
    "created_by": 2,
    "creation_date": "2021-02-08",
    "last_update_by": 2,
    "last_update_date": "2021-02-08"
  }
}, {
  "model": "company.position",
  "pk": 51,
  "fields": {
    "job": 54,
    "department": 35,
    "grade": null,
    "position_name": "Geo It Analyst_Directly Consumed Service",
    "position_description": null,
    "start_date": "2021-02-08",
    "end_date": null,
    "created_by": 2,
    "creation_date": "2021-02-08",
    "last_update_by": 2,
    "last_update_date": "2021-02-08"
  }
}, {
  "model": "company.position",
  "pk": 52,
  "fields": {
    "job": 55,
    "department": 35,
    "grade": null,
    "position_name": "It Support Engineer",
    "position_description": null,
    "start_date": "2021-02-08",
    "end_date": null,
    "created_by": 2,
    "creation_date": "2021-02-08",
    "last_update_by": 2,
    "last_update_date": "2021-02-08"
  }
}, {
  "model": "company.position",
  "pk": 53,
  "fields": {
    "job": 56,
    "department": 37,
    "grade": null,
    "position_name": "Brand Designer & Game Artist",
    "position_description": null,
    "start_date": "2021-02-08",
    "end_date": null,
    "created_by": 2,
    "creation_date": "2021-02-08",
    "last_update_by": 2,
    "last_update_date": "2021-02-08"
  }
}, {
  "model": "company.position",
  "pk": 54,
  "fields": {
    "job": 57,
    "department": 4,
    "grade": null,
    "position_name": "Chief Accountant",
    "position_description": null,
    "start_date": "2021-02-08",
    "end_date": null,
    "created_by": 2,
    "creation_date": "2021-02-08",
    "last_update_by": 2,
    "last_update_date": "2021-02-08"
  }
}, {
  "model": "company.position",
  "pk": 55,
  "fields": {
    "job": 58,
    "department": 6,
    "grade": null,
    "position_name": "HR Specialist",
    "position_description": null,
    "start_date": "2021-02-08",
    "end_date": null,
    "created_by": 2,
    "creation_date": "2021-02-08",
    "last_update_by": 2,
    "last_update_date": "2021-02-08"
  }
}, {
  "model": "company.position",
  "pk": 56,
  "fields": {
    "job": 59,
    "department": 6,
    "grade": null,
    "position_name": "Senior Recruiter",
    "position_description": null,
    "start_date": "2021-02-08",
    "end_date": null,
    "created_by": 2,
    "creation_date": "2021-02-08",
    "last_update_by": 2,
    "last_update_date": "2021-02-08"
  }
}, {
  "model": "company.position",
  "pk": 57,
  "fields": {
    "job": 60,
    "department": 11,
    "grade": null,
    "position_name": "Junior Java Development",
    "position_description": null,
    "start_date": "2021-02-08",
    "end_date": null,
    "created_by": 2,
    "creation_date": "2021-02-08",
    "last_update_by": 2,
    "last_update_date": "2021-02-08"
  }
}, {
  "model": "company.position",
  "pk": 58,
  "fields": {
    "job": 61,
    "department": 11,
    "grade": null,
    "position_name": "Junior Technical Consultant",
    "position_description": null,
    "start_date": "2021-02-08",
    "end_date": null,
    "created_by": 2,
    "creation_date": "2021-02-08",
    "last_update_by": 2,
    "last_update_date": "2021-02-08"
  }
}, {
  "model": "company.position",
  "pk": 59,
  "fields": {
    "job": 62,
    "department": 35,
    "grade": null,
    "position_name": "Digital Marketing Analyst",
    "position_description": null,
    "start_date": "2021-02-08",
    "end_date": null,
    "created_by": 2,
    "creation_date": "2021-02-08",
    "last_update_by": 2,
    "last_update_date": "2021-02-08"
  }
}, {
  "model": "company.position",
  "pk": 60,
  "fields": {
    "job": 63,
    "department": 35,
    "grade": null,
    "position_name": "It Business Analyst",
    "position_description": null,
    "start_date": "2021-02-08",
    "end_date": null,
    "created_by": 2,
    "creation_date": "2021-02-08",
    "last_update_by": 2,
    "last_update_date": "2021-02-08"
  }
}, {
  "model": "company.position",
  "pk": 61,
  "fields": {
    "job": 64,
    "department": 38,
    "grade": null,
    "position_name": "Junior Financial Consultant",
    "position_description": null,
    "start_date": "2021-02-08",
    "end_date": null,
    "created_by": 2,
    "creation_date": "2021-02-08",
    "last_update_by": 2,
    "last_update_date": "2021-02-08"
  }
}, {
  "model": "company.position",
  "pk": 62,
  "fields": {
    "job": 65,
    "department": 9,
    "grade": null,
    "position_name": "Sales Manager",
    "position_description": null,
    "start_date": "2021-02-08",
    "end_date": null,
    "created_by": 2,
    "creation_date": "2021-02-08",
    "last_update_by": 2,
    "last_update_date": "2021-02-08"
  }
}, {
  "model": "company.position",
  "pk": 63,
  "fields": {
    "job": 66,
    "department": 6,
    "grade": null,
    "position_name": "Administration",
    "position_description": null,
    "start_date": "2021-02-08",
    "end_date": null,
    "created_by": 2,
    "creation_date": "2021-02-08",
    "last_update_by": 2,
    "last_update_date": "2021-02-08"
  }
}, {
  "model": "company.position",
  "pk": 64,
  "fields": {
    "job": 67,
    "department": 35,
    "grade": null,
    "position_name": "Application Support Engineer",
    "position_description": null,
    "start_date": "2021-02-08",
    "end_date": null,
    "created_by": 2,
    "creation_date": "2021-02-08",
    "last_update_by": 2,
    "last_update_date": "2021-02-08"
  }
}, {
  "model": "company.position",
  "pk": 65,
  "fields": {
    "job": null,
    "department": null,
    "grade": null,
    "position_name": "accountant",
    "position_description": null,
    "start_date": "2021-02-25",
    "end_date": null,
    "created_by": 2,
    "creation_date": "2021-02-25",
    "last_update_by": 2,
    "last_update_date": "2021-02-25"
  }
}, {
  "model": "company.position",
  "pk": 66,
  "fields": {
    "job": null,
    "department": null,
    "grade": null,
    "position_name": "test position",
    "position_description": null,
    "start_date": "2021-03-01",
    "end_date": null,
    "created_by": 1,
    "creation_date": "2021-03-07",
    "last_update_by": 1,
    "last_update_date": "2021-03-07"
  }
}, {
  "model": "company.position",
  "pk": 67,
  "fields": {
    "job": 68,
    "department": 11,
    "grade": null,
    "position_name": "Junior Back End",
    "position_description": null,
    "start_date": "2021-03-15",
    "end_date": "2021-03-15",
    "created_by": 2,
    "creation_date": "2021-03-15",
    "last_update_by": 2,
    "last_update_date": "2021-03-15"
  }
}, {
  "model": "company.position",
  "pk": 68,
  "fields": {
    "job": 69,
    "department": 11,
    "grade": null,
    "position_name": "Junior Back End Developer",
    "position_description": null,
    "start_date": "2021-03-15",
    "end_date": null,
    "created_by": 2,
    "creation_date": "2021-03-15",
    "last_update_by": 2,
    "last_update_date": "2021-03-15"
  }
}, {
  "model": "company.position",
  "pk": 69,
  "fields": {
    "job": 70,
    "department": 41,
    "grade": null,
    "position_name": "Lawyer",
    "position_description": null,
    "start_date": "2021-04-08",
    "end_date": null,
    "created_by": 2,
    "creation_date": "2021-04-08",
    "last_update_by": 2,
    "last_update_date": "2021-04-08"
  }
}]
